strategy,iteration,n_labeled,n_positive_labeled,pr_auc,roc_auc
uncertainty,0,100,8,0.10727622282158687,0.5632227599599728
uncertainty,1,150,12,0.10642384778701056,0.566717161538078
uncertainty,2,200,17,0.0986620020674244,0.5466314829774761
uncertainty,3,250,22,0.09575958031577564,0.549700514759713
uncertainty,4,300,30,0.08859507141533401,0.537050882793385
uncertainty,5,350,39,0.09456733468012363,0.5519167683487993
uncertainty,6,400,46,0.1017481321266065,0.5664615099013401
uncertainty,7,450,51,0.10278699275977989,0.5668400653278087
uncertainty,8,500,57,0.10010219866749145,0.5592595902514006
uncertainty,9,550,65,0.0997417776746469,0.56539353988149
uncertainty,10,600,70,0.11940707695967703,0.5864155058300877
uncertainty,11,650,77,0.12575198599742343,0.5937205860578689
uncertainty,12,700,90,0.12164178610403541,0.5888173823424867
uncertainty,13,750,102,0.11741351660921082,0.5926558484150352
uncertainty,14,800,106,0.12033579886939291,0.5946287738047578
uncertainty,15,850,109,0.12343674585855277,0.5939388633353568
uncertainty,16,900,115,0.12493048330498206,0.5992682449408616
uncertainty,17,950,120,0.12304898642348189,0.5944615717572821
uncertainty,18,1000,125,0.12759475381250235,0.5936633031947235
uncertainty,19,1050,130,0.13043834711947888,0.5981148740509805
uncertainty,20,1100,135,0.141967398460638,0.6199519867125796
random,0,100,8,0.10727622282158687,0.5632227599599728
random,1,150,12,0.10849224186054343,0.5702359712358115
random,2,200,17,0.10508466425462387,0.5748827519517588
random,3,250,20,0.10107138290714832,0.5705470507920665
random,4,300,23,0.10477275927029622,0.575569081094352
random,5,350,26,0.10788924461317019,0.5744120186829922
random,6,400,28,0.10636263698259686,0.5731729714364026
random,7,450,33,0.1066322326059215,0.5737442022451282
random,8,500,36,0.10900444061590878,0.5752685618607355
random,9,550,39,0.11149590132234008,0.5790574770628873
random,10,600,44,0.11174933374029897,0.5692795549545783
random,11,650,47,0.11336772156635799,0.5753570114499977
random,12,700,53,0.1143492700448176,0.5845561911461741
random,13,750,57,0.11446809920750348,0.5940326573661628
random,14,800,58,0.11507457633817525,0.5929886730530356
random,15,850,62,0.11430887968227098,0.590371017009025
random,16,900,65,0.11407137767753132,0.5905879719504608
random,17,950,73,0.11833993653425748,0.6069290519324344
random,18,1000,77,0.11945166928000872,0.6072246124058556
random,19,1050,80,0.12232829193264368,0.6084437144169929
random,20,1100,81,0.12143523455954483,0.6095523646362233
